{"polyfill":["/polyfill-53f38d785f6ffee4b57e.js"],"app":["/app-e9ad14be82922a2150b2.js"],"component---src-pages-404-js":["/component---src-pages-404-js-68e94c2367d62eb4c510.js"],"component---src-pages-contacto-js":["/component---src-pages-contacto-js-a62d266dbef994a7bb67.js"],"component---src-pages-desarrollo-web-js":["/component---src-pages-desarrollo-web-js-9c181bd77d285b8791a2.js"],"component---src-pages-equipo-jsx":["/component---src-pages-equipo-jsx-f5ea692732e55228c595.js"],"component---src-pages-hospedaje-js":["/component---src-pages-hospedaje-js-5e75bf5653a6e5cdf596.js"],"component---src-pages-index-js":["/component---src-pages-index-js-52c44d989351f4f62467.js"],"component---src-pages-marketing-digital-js":["/component---src-pages-marketing-digital-js-4c19acf58ea86287e66e.js"],"component---src-pages-work-js":["/component---src-pages-work-js-f3e6f971164a3cc6d2fb.js"],"component---src-templates-clients-js":["/component---src-templates-clients-js-b350823901ac036642b5.js"]}