{"app":["/app-6dc7fd9b9bbb4774c738.js"],"component---src-pages-404-jsx":["/component---src-pages-404-jsx-3fd8fa35ed727d6b993d.js"],"component---src-pages-contacto-jsx":["/component---src-pages-contacto-jsx-1ab958d8aeeee864d05b.js"],"component---src-pages-desarrollo-web-jsx":["/component---src-pages-desarrollo-web-jsx-5d1b37f8617259d59c4b.js"],"component---src-pages-equipo-jsx":["/component---src-pages-equipo-jsx-bcebb9933e7236035eb4.js"],"component---src-pages-hospedaje-jsx":["/component---src-pages-hospedaje-jsx-c6e6702dd7fb1d071e5a.js"],"component---src-pages-index-jsx":["/component---src-pages-index-jsx-20204ab4fea9f2310a34.js"],"component---src-pages-marketing-digital-jsx":["/component---src-pages-marketing-digital-jsx-d53292a42557c025b90a.js"],"component---src-pages-work-jsx":["/component---src-pages-work-jsx-cdf6d60b51904446cc06.js"],"component---src-templates-clients-jsx":["/component---src-templates-clients-jsx-667d1aec9ae682cf590a.js"]}