{"app":["/app-6dc7fd9b9bbb4774c738.js"],"component---src-pages-404-jsx":["/component---src-pages-404-jsx-96bb2a2b7656971c66ca.js"],"component---src-pages-contacto-jsx":["/component---src-pages-contacto-jsx-b9999c3502cc1395e931.js"],"component---src-pages-desarrollo-web-jsx":["/component---src-pages-desarrollo-web-jsx-0d12a922b048bdf40685.js"],"component---src-pages-equipo-jsx":["/component---src-pages-equipo-jsx-8ca4668602c13df212d3.js"],"component---src-pages-hospedaje-jsx":["/component---src-pages-hospedaje-jsx-5155630eb5317026fa54.js"],"component---src-pages-index-jsx":["/component---src-pages-index-jsx-31f585ba4f9aaa2fe366.js"],"component---src-pages-marketing-digital-jsx":["/component---src-pages-marketing-digital-jsx-653bf5fbee34cf5a281a.js"],"component---src-pages-work-jsx":["/component---src-pages-work-jsx-bd491f8aba45f157b2d9.js"],"component---src-templates-clients-jsx":["/component---src-templates-clients-jsx-98afc8628d0985f8febb.js"]}