{"polyfill":["/polyfill-1e09092b9dbe33aae059.js"],"app":["/app-13b179c01d94c9738c35.js"],"component---src-pages-404-js":["/component---src-pages-404-js-d175d48944c1aa1097d0.js"],"component---src-pages-contacto-js":["/component---src-pages-contacto-js-5b7f395289c67dbd113d.js"],"component---src-pages-desarrollo-web-js":["/component---src-pages-desarrollo-web-js-7abf244cf932a56d58f6.js"],"component---src-pages-equipo-jsx":["/component---src-pages-equipo-jsx-0b9974456a71cf8b1951.js"],"component---src-pages-hospedaje-js":["/component---src-pages-hospedaje-js-4a96bd3e1fcb6349decd.js"],"component---src-pages-index-js":["/component---src-pages-index-js-8c7bdeb43b72ac2a0318.js"],"component---src-pages-marketing-digital-js":["/component---src-pages-marketing-digital-js-ea3e4ee71f68bc8f7059.js"],"component---src-pages-work-js":["/component---src-pages-work-js-6635426bd1e8f05bff84.js"],"component---src-templates-clients-js":["/component---src-templates-clients-js-4608c6d6fe69d25bd3c7.js"]}