{"name":"build-javascript","namedChunkGroups":{"polyfill":{"name":"polyfill","assets":[{"name":"webpack-runtime-3d143770a89dce536e10.js","size":4996},{"name":"polyfill-1e09092b9dbe33aae059.js","size":85848}],"filteredAssets":0,"assetsSize":90844,"filteredAuxiliaryAssets":2,"auxiliaryAssetsSize":226561},"app":{"name":"app","assets":[{"name":"webpack-runtime-3d143770a89dce536e10.js","size":4996},{"name":"framework-ef147bbdbe296217301b.js","size":128680},{"name":"app-13b179c01d94c9738c35.js","size":73729}],"filteredAssets":0,"assetsSize":207405,"filteredAuxiliaryAssets":3,"auxiliaryAssetsSize":617749},"component---src-pages-404-js":{"name":"component---src-pages-404-js","assets":[{"name":"styles.78e2811f784de868137a.css","size":221740},{"name":"commons-12b615a8ef2297bd4d2a.js","size":96393},{"name":"component---src-pages-404-js-d175d48944c1aa1097d0.js","size":1791}],"filteredAssets":0,"assetsSize":319924,"filteredAuxiliaryAssets":18,"auxiliaryAssetsSize":3294133},"component---src-pages-contacto-js":{"name":"component---src-pages-contacto-js","assets":[{"name":"styles.78e2811f784de868137a.css","size":221740},{"name":"commons-12b615a8ef2297bd4d2a.js","size":96393},{"name":"ad81c040130678b11973df8e48a758fff68c8ec4-b50788d99b3d203997d6.js","size":19054},{"name":"component---src-pages-contacto-js-5b7f395289c67dbd113d.js","size":40742}],"filteredAssets":0,"assetsSize":377929,"filteredAuxiliaryAssets":19,"auxiliaryAssetsSize":3504061},"component---src-pages-desarrollo-web-js":{"name":"component---src-pages-desarrollo-web-js","assets":[{"name":"styles.78e2811f784de868137a.css","size":221740},{"name":"commons-12b615a8ef2297bd4d2a.js","size":96393},{"name":"ad81c040130678b11973df8e48a758fff68c8ec4-b50788d99b3d203997d6.js","size":19054},{"name":"20aa4ebb7a0cc080a891f6f5578e8b0e03f03029-55831ae0f8143b2bd154.js","size":22173},{"name":"component---src-pages-desarrollo-web-js-7abf244cf932a56d58f6.js","size":1211}],"filteredAssets":0,"assetsSize":360571,"filteredAuxiliaryAssets":20,"auxiliaryAssetsSize":3413611},"component---src-pages-equipo-jsx":{"name":"component---src-pages-equipo-jsx","assets":[{"name":"styles.78e2811f784de868137a.css","size":221740},{"name":"commons-12b615a8ef2297bd4d2a.js","size":96393},{"name":"ad81c040130678b11973df8e48a758fff68c8ec4-b50788d99b3d203997d6.js","size":19054},{"name":"component---src-pages-equipo-jsx-0b9974456a71cf8b1951.js","size":2182}],"filteredAssets":0,"assetsSize":339369,"filteredAuxiliaryAssets":19,"auxiliaryAssetsSize":3352403},"component---src-pages-hospedaje-js":{"name":"component---src-pages-hospedaje-js","assets":[{"name":"styles.78e2811f784de868137a.css","size":221740},{"name":"commons-12b615a8ef2297bd4d2a.js","size":96393},{"name":"ad81c040130678b11973df8e48a758fff68c8ec4-b50788d99b3d203997d6.js","size":19054},{"name":"component---src-pages-hospedaje-js-4a96bd3e1fcb6349decd.js","size":2914}],"filteredAssets":0,"assetsSize":340101,"filteredAuxiliaryAssets":19,"auxiliaryAssetsSize":3354481},"component---src-pages-index-js":{"name":"component---src-pages-index-js","assets":[{"name":"styles.78e2811f784de868137a.css","size":221740},{"name":"commons-12b615a8ef2297bd4d2a.js","size":96393},{"name":"ad81c040130678b11973df8e48a758fff68c8ec4-b50788d99b3d203997d6.js","size":19054},{"name":"20aa4ebb7a0cc080a891f6f5578e8b0e03f03029-55831ae0f8143b2bd154.js","size":22173},{"name":"component---src-pages-index-js-8c7bdeb43b72ac2a0318.js","size":13239}],"filteredAssets":0,"assetsSize":372599,"filteredAuxiliaryAssets":20,"auxiliaryAssetsSize":3427824},"component---src-pages-marketing-digital-js":{"name":"component---src-pages-marketing-digital-js","assets":[{"name":"styles.78e2811f784de868137a.css","size":221740},{"name":"commons-12b615a8ef2297bd4d2a.js","size":96393},{"name":"ad81c040130678b11973df8e48a758fff68c8ec4-b50788d99b3d203997d6.js","size":19054},{"name":"20aa4ebb7a0cc080a891f6f5578e8b0e03f03029-55831ae0f8143b2bd154.js","size":22173},{"name":"component---src-pages-marketing-digital-js-ea3e4ee71f68bc8f7059.js","size":1169}],"filteredAssets":0,"assetsSize":360529,"filteredAuxiliaryAssets":20,"auxiliaryAssetsSize":3413402},"component---src-pages-work-js":{"name":"component---src-pages-work-js","assets":[{"name":"styles.78e2811f784de868137a.css","size":221740},{"name":"commons-12b615a8ef2297bd4d2a.js","size":96393},{"name":"ad81c040130678b11973df8e48a758fff68c8ec4-b50788d99b3d203997d6.js","size":19054},{"name":"component---src-pages-work-js-6635426bd1e8f05bff84.js","size":2313}],"filteredAssets":0,"assetsSize":339500,"filteredAuxiliaryAssets":19,"auxiliaryAssetsSize":3353461},"component---src-templates-clients-js":{"name":"component---src-templates-clients-js","assets":[{"name":"styles.78e2811f784de868137a.css","size":221740},{"name":"commons-12b615a8ef2297bd4d2a.js","size":96393},{"name":"ad81c040130678b11973df8e48a758fff68c8ec4-b50788d99b3d203997d6.js","size":19054},{"name":"component---src-templates-clients-js-4608c6d6fe69d25bd3c7.js","size":3353}],"filteredAssets":0,"assetsSize":340540,"filteredAuxiliaryAssets":19,"auxiliaryAssetsSize":3354934}},"assetsByChunkName":{"polyfill":["webpack-runtime-3d143770a89dce536e10.js","polyfill-1e09092b9dbe33aae059.js"],"app":["webpack-runtime-3d143770a89dce536e10.js","framework-ef147bbdbe296217301b.js","app-13b179c01d94c9738c35.js"],"component---src-pages-404-js":["styles.78e2811f784de868137a.css","commons-12b615a8ef2297bd4d2a.js","component---src-pages-404-js-d175d48944c1aa1097d0.js"],"component---src-pages-contacto-js":["styles.78e2811f784de868137a.css","commons-12b615a8ef2297bd4d2a.js","ad81c040130678b11973df8e48a758fff68c8ec4-b50788d99b3d203997d6.js","component---src-pages-contacto-js-5b7f395289c67dbd113d.js"],"component---src-pages-desarrollo-web-js":["styles.78e2811f784de868137a.css","commons-12b615a8ef2297bd4d2a.js","ad81c040130678b11973df8e48a758fff68c8ec4-b50788d99b3d203997d6.js","20aa4ebb7a0cc080a891f6f5578e8b0e03f03029-55831ae0f8143b2bd154.js","component---src-pages-desarrollo-web-js-7abf244cf932a56d58f6.js"],"component---src-pages-equipo-jsx":["styles.78e2811f784de868137a.css","commons-12b615a8ef2297bd4d2a.js","ad81c040130678b11973df8e48a758fff68c8ec4-b50788d99b3d203997d6.js","component---src-pages-equipo-jsx-0b9974456a71cf8b1951.js"],"component---src-pages-hospedaje-js":["styles.78e2811f784de868137a.css","commons-12b615a8ef2297bd4d2a.js","ad81c040130678b11973df8e48a758fff68c8ec4-b50788d99b3d203997d6.js","component---src-pages-hospedaje-js-4a96bd3e1fcb6349decd.js"],"component---src-pages-index-js":["styles.78e2811f784de868137a.css","commons-12b615a8ef2297bd4d2a.js","ad81c040130678b11973df8e48a758fff68c8ec4-b50788d99b3d203997d6.js","20aa4ebb7a0cc080a891f6f5578e8b0e03f03029-55831ae0f8143b2bd154.js","component---src-pages-index-js-8c7bdeb43b72ac2a0318.js"],"component---src-pages-marketing-digital-js":["styles.78e2811f784de868137a.css","commons-12b615a8ef2297bd4d2a.js","ad81c040130678b11973df8e48a758fff68c8ec4-b50788d99b3d203997d6.js","20aa4ebb7a0cc080a891f6f5578e8b0e03f03029-55831ae0f8143b2bd154.js","component---src-pages-marketing-digital-js-ea3e4ee71f68bc8f7059.js"],"component---src-pages-work-js":["styles.78e2811f784de868137a.css","commons-12b615a8ef2297bd4d2a.js","ad81c040130678b11973df8e48a758fff68c8ec4-b50788d99b3d203997d6.js","component---src-pages-work-js-6635426bd1e8f05bff84.js"],"component---src-templates-clients-js":["styles.78e2811f784de868137a.css","commons-12b615a8ef2297bd4d2a.js","ad81c040130678b11973df8e48a758fff68c8ec4-b50788d99b3d203997d6.js","component---src-templates-clients-js-4608c6d6fe69d25bd3c7.js"]},"childAssetsByChunkName":{}}