{"name":"build-javascript","namedChunkGroups":{"app":{"name":"app","assets":[{"name":"webpack-runtime-b1a915b94a7df5ed7acc.js","size":5359},{"name":"framework-99c684e92cc63e549221.js","size":140733},{"name":"app-6dc7fd9b9bbb4774c738.js","size":86153}],"filteredAssets":0,"assetsSize":232245,"filteredAuxiliaryAssets":3,"auxiliaryAssetsSize":666423},"component---src-pages-404-jsx":{"name":"component---src-pages-404-jsx","assets":[{"name":"styles.81634fb0d9ad42d1b9c9.css","size":269412},{"name":"commons-aa4fbf35b63226b59a94.js","size":81580},{"name":"component---src-pages-404-jsx-3fd8fa35ed727d6b993d.js","size":1823}],"filteredAssets":0,"assetsSize":352815,"filteredAuxiliaryAssets":9,"auxiliaryAssetsSize":1176780},"component---src-pages-contacto-jsx":{"name":"component---src-pages-contacto-jsx","assets":[{"name":"styles.81634fb0d9ad42d1b9c9.css","size":269412},{"name":"commons-aa4fbf35b63226b59a94.js","size":81580},{"name":"2f4755a76516371e9d59c9f3aae5447d02adce39-50c2a79437960a826a65.js","size":19116},{"name":"component---src-pages-contacto-jsx-1ab958d8aeeee864d05b.js","size":41145}],"filteredAssets":0,"assetsSize":411253,"filteredAuxiliaryAssets":11,"auxiliaryAssetsSize":1447653},"component---src-pages-desarrollo-web-jsx":{"name":"component---src-pages-desarrollo-web-jsx","assets":[{"name":"styles.81634fb0d9ad42d1b9c9.css","size":269412},{"name":"commons-aa4fbf35b63226b59a94.js","size":81580},{"name":"2f4755a76516371e9d59c9f3aae5447d02adce39-50c2a79437960a826a65.js","size":19116},{"name":"5ca00aa47d0c7c8836434b2060b546f770288085-af40d3f93467bfccc360.js","size":22960},{"name":"component---src-pages-desarrollo-web-jsx-5d1b37f8617259d59c4b.js","size":1255}],"filteredAssets":0,"assetsSize":394323,"filteredAuxiliaryAssets":11,"auxiliaryAssetsSize":1298479},"component---src-pages-equipo-jsx":{"name":"component---src-pages-equipo-jsx","assets":[{"name":"styles.81634fb0d9ad42d1b9c9.css","size":269412},{"name":"commons-aa4fbf35b63226b59a94.js","size":81580},{"name":"2f4755a76516371e9d59c9f3aae5447d02adce39-50c2a79437960a826a65.js","size":19116},{"name":"component---src-pages-equipo-jsx-bcebb9933e7236035eb4.js","size":2222}],"filteredAssets":0,"assetsSize":372330,"filteredAuxiliaryAssets":11,"auxiliaryAssetsSize":1292549},"component---src-pages-hospedaje-jsx":{"name":"component---src-pages-hospedaje-jsx","assets":[{"name":"styles.81634fb0d9ad42d1b9c9.css","size":269412},{"name":"commons-aa4fbf35b63226b59a94.js","size":81580},{"name":"2f4755a76516371e9d59c9f3aae5447d02adce39-50c2a79437960a826a65.js","size":19116},{"name":"component---src-pages-hospedaje-jsx-c6e6702dd7fb1d071e5a.js","size":2940}],"filteredAssets":0,"assetsSize":373048,"filteredAuxiliaryAssets":11,"auxiliaryAssetsSize":1294595},"component---src-pages-index-jsx":{"name":"component---src-pages-index-jsx","assets":[{"name":"styles.81634fb0d9ad42d1b9c9.css","size":269412},{"name":"commons-aa4fbf35b63226b59a94.js","size":81580},{"name":"2f4755a76516371e9d59c9f3aae5447d02adce39-50c2a79437960a826a65.js","size":19116},{"name":"5ca00aa47d0c7c8836434b2060b546f770288085-af40d3f93467bfccc360.js","size":22960},{"name":"component---src-pages-index-jsx-20204ab4fea9f2310a34.js","size":13320}],"filteredAssets":0,"assetsSize":406388,"filteredAuxiliaryAssets":11,"auxiliaryAssetsSize":1312870},"component---src-pages-marketing-digital-jsx":{"name":"component---src-pages-marketing-digital-jsx","assets":[{"name":"styles.81634fb0d9ad42d1b9c9.css","size":269412},{"name":"commons-aa4fbf35b63226b59a94.js","size":81580},{"name":"2f4755a76516371e9d59c9f3aae5447d02adce39-50c2a79437960a826a65.js","size":19116},{"name":"5ca00aa47d0c7c8836434b2060b546f770288085-af40d3f93467bfccc360.js","size":22960},{"name":"component---src-pages-marketing-digital-jsx-d53292a42557c025b90a.js","size":1259}],"filteredAssets":0,"assetsSize":394327,"filteredAuxiliaryAssets":11,"auxiliaryAssetsSize":1298442},"component---src-pages-work-jsx":{"name":"component---src-pages-work-jsx","assets":[{"name":"styles.81634fb0d9ad42d1b9c9.css","size":269412},{"name":"commons-aa4fbf35b63226b59a94.js","size":81580},{"name":"2f4755a76516371e9d59c9f3aae5447d02adce39-50c2a79437960a826a65.js","size":19116},{"name":"component---src-pages-work-jsx-cdf6d60b51904446cc06.js","size":2338}],"filteredAssets":0,"assetsSize":372446,"filteredAuxiliaryAssets":11,"auxiliaryAssetsSize":1293543},"component---src-templates-clients-jsx":{"name":"component---src-templates-clients-jsx","assets":[{"name":"styles.81634fb0d9ad42d1b9c9.css","size":269412},{"name":"commons-aa4fbf35b63226b59a94.js","size":81580},{"name":"2f4755a76516371e9d59c9f3aae5447d02adce39-50c2a79437960a826a65.js","size":19116},{"name":"component---src-templates-clients-jsx-667d1aec9ae682cf590a.js","size":3519}],"filteredAssets":0,"assetsSize":373627,"filteredAuxiliaryAssets":11,"auxiliaryAssetsSize":1295343}},"assetsByChunkName":{"app":["webpack-runtime-b1a915b94a7df5ed7acc.js","framework-99c684e92cc63e549221.js","app-6dc7fd9b9bbb4774c738.js"],"component---src-pages-404-jsx":["styles.81634fb0d9ad42d1b9c9.css","commons-aa4fbf35b63226b59a94.js","component---src-pages-404-jsx-3fd8fa35ed727d6b993d.js"],"component---src-pages-contacto-jsx":["styles.81634fb0d9ad42d1b9c9.css","commons-aa4fbf35b63226b59a94.js","2f4755a76516371e9d59c9f3aae5447d02adce39-50c2a79437960a826a65.js","component---src-pages-contacto-jsx-1ab958d8aeeee864d05b.js"],"component---src-pages-desarrollo-web-jsx":["styles.81634fb0d9ad42d1b9c9.css","commons-aa4fbf35b63226b59a94.js","2f4755a76516371e9d59c9f3aae5447d02adce39-50c2a79437960a826a65.js","5ca00aa47d0c7c8836434b2060b546f770288085-af40d3f93467bfccc360.js","component---src-pages-desarrollo-web-jsx-5d1b37f8617259d59c4b.js"],"component---src-pages-equipo-jsx":["styles.81634fb0d9ad42d1b9c9.css","commons-aa4fbf35b63226b59a94.js","2f4755a76516371e9d59c9f3aae5447d02adce39-50c2a79437960a826a65.js","component---src-pages-equipo-jsx-bcebb9933e7236035eb4.js"],"component---src-pages-hospedaje-jsx":["styles.81634fb0d9ad42d1b9c9.css","commons-aa4fbf35b63226b59a94.js","2f4755a76516371e9d59c9f3aae5447d02adce39-50c2a79437960a826a65.js","component---src-pages-hospedaje-jsx-c6e6702dd7fb1d071e5a.js"],"component---src-pages-index-jsx":["styles.81634fb0d9ad42d1b9c9.css","commons-aa4fbf35b63226b59a94.js","2f4755a76516371e9d59c9f3aae5447d02adce39-50c2a79437960a826a65.js","5ca00aa47d0c7c8836434b2060b546f770288085-af40d3f93467bfccc360.js","component---src-pages-index-jsx-20204ab4fea9f2310a34.js"],"component---src-pages-marketing-digital-jsx":["styles.81634fb0d9ad42d1b9c9.css","commons-aa4fbf35b63226b59a94.js","2f4755a76516371e9d59c9f3aae5447d02adce39-50c2a79437960a826a65.js","5ca00aa47d0c7c8836434b2060b546f770288085-af40d3f93467bfccc360.js","component---src-pages-marketing-digital-jsx-d53292a42557c025b90a.js"],"component---src-pages-work-jsx":["styles.81634fb0d9ad42d1b9c9.css","commons-aa4fbf35b63226b59a94.js","2f4755a76516371e9d59c9f3aae5447d02adce39-50c2a79437960a826a65.js","component---src-pages-work-jsx-cdf6d60b51904446cc06.js"],"component---src-templates-clients-jsx":["styles.81634fb0d9ad42d1b9c9.css","commons-aa4fbf35b63226b59a94.js","2f4755a76516371e9d59c9f3aae5447d02adce39-50c2a79437960a826a65.js","component---src-templates-clients-jsx-667d1aec9ae682cf590a.js"]},"childAssetsByChunkName":{}}