{"name":"build-javascript","namedChunkGroups":{"app":{"name":"app","assets":[{"name":"webpack-runtime-672d506fc8da58c3aa5f.js","size":5524},{"name":"framework-99c684e92cc63e549221.js","size":140733},{"name":"app-6dc7fd9b9bbb4774c738.js","size":86153}],"filteredAssets":0,"assetsSize":232410,"filteredAuxiliaryAssets":3,"auxiliaryAssetsSize":666906},"component---src-pages-404-jsx":{"name":"component---src-pages-404-jsx","assets":[{"name":"styles.81634fb0d9ad42d1b9c9.css","size":269412},{"name":"commons-5ff7f31e2824a1ee374f.js","size":96173},{"name":"component---src-pages-404-jsx-96bb2a2b7656971c66ca.js","size":1782}],"filteredAssets":0,"assetsSize":367367,"filteredAuxiliaryAssets":9,"auxiliaryAssetsSize":1245545},"component---src-pages-contacto-jsx":{"name":"component---src-pages-contacto-jsx","assets":[{"name":"styles.81634fb0d9ad42d1b9c9.css","size":269412},{"name":"commons-5ff7f31e2824a1ee374f.js","size":96173},{"name":"2f4755a76516371e9d59c9f3aae5447d02adce39-50c2a79437960a826a65.js","size":19116},{"name":"component---src-pages-contacto-jsx-b9999c3502cc1395e931.js","size":41064}],"filteredAssets":0,"assetsSize":425765,"filteredAuxiliaryAssets":11,"auxiliaryAssetsSize":1516279},"component---src-pages-desarrollo-web-jsx":{"name":"component---src-pages-desarrollo-web-jsx","assets":[{"name":"styles.81634fb0d9ad42d1b9c9.css","size":269412},{"name":"commons-5ff7f31e2824a1ee374f.js","size":96173},{"name":"2f4755a76516371e9d59c9f3aae5447d02adce39-50c2a79437960a826a65.js","size":19116},{"name":"5ca00aa47d0c7c8836434b2060b546f770288085-af40d3f93467bfccc360.js","size":22960},{"name":"component---src-pages-desarrollo-web-jsx-0d12a922b048bdf40685.js","size":1168}],"filteredAssets":0,"assetsSize":408829,"filteredAuxiliaryAssets":11,"auxiliaryAssetsSize":1367113},"component---src-pages-equipo-jsx":{"name":"component---src-pages-equipo-jsx","assets":[{"name":"styles.81634fb0d9ad42d1b9c9.css","size":269412},{"name":"commons-5ff7f31e2824a1ee374f.js","size":96173},{"name":"2f4755a76516371e9d59c9f3aae5447d02adce39-50c2a79437960a826a65.js","size":19116},{"name":"component---src-pages-equipo-jsx-8ca4668602c13df212d3.js","size":2143}],"filteredAssets":0,"assetsSize":386844,"filteredAuxiliaryAssets":11,"auxiliaryAssetsSize":1361177},"component---src-pages-hospedaje-jsx":{"name":"component---src-pages-hospedaje-jsx","assets":[{"name":"styles.81634fb0d9ad42d1b9c9.css","size":269412},{"name":"commons-5ff7f31e2824a1ee374f.js","size":96173},{"name":"2f4755a76516371e9d59c9f3aae5447d02adce39-50c2a79437960a826a65.js","size":19116},{"name":"component---src-pages-hospedaje-jsx-5155630eb5317026fa54.js","size":2861}],"filteredAssets":0,"assetsSize":387562,"filteredAuxiliaryAssets":11,"auxiliaryAssetsSize":1363240},"component---src-pages-index-jsx":{"name":"component---src-pages-index-jsx","assets":[{"name":"styles.81634fb0d9ad42d1b9c9.css","size":269412},{"name":"commons-5ff7f31e2824a1ee374f.js","size":96173},{"name":"2f4755a76516371e9d59c9f3aae5447d02adce39-50c2a79437960a826a65.js","size":19116},{"name":"5ca00aa47d0c7c8836434b2060b546f770288085-af40d3f93467bfccc360.js","size":22960},{"name":"component---src-pages-index-jsx-31f585ba4f9aaa2fe366.js","size":13241}],"filteredAssets":0,"assetsSize":420902,"filteredAuxiliaryAssets":11,"auxiliaryAssetsSize":1381494},"component---src-pages-marketing-digital-jsx":{"name":"component---src-pages-marketing-digital-jsx","assets":[{"name":"styles.81634fb0d9ad42d1b9c9.css","size":269412},{"name":"commons-5ff7f31e2824a1ee374f.js","size":96173},{"name":"2f4755a76516371e9d59c9f3aae5447d02adce39-50c2a79437960a826a65.js","size":19116},{"name":"5ca00aa47d0c7c8836434b2060b546f770288085-af40d3f93467bfccc360.js","size":22960},{"name":"component---src-pages-marketing-digital-jsx-653bf5fbee34cf5a281a.js","size":1172}],"filteredAssets":0,"assetsSize":408833,"filteredAuxiliaryAssets":11,"auxiliaryAssetsSize":1367066},"component---src-pages-work-jsx":{"name":"component---src-pages-work-jsx","assets":[{"name":"styles.81634fb0d9ad42d1b9c9.css","size":269412},{"name":"commons-5ff7f31e2824a1ee374f.js","size":96173},{"name":"2f4755a76516371e9d59c9f3aae5447d02adce39-50c2a79437960a826a65.js","size":19116},{"name":"component---src-pages-work-jsx-bd491f8aba45f157b2d9.js","size":2273}],"filteredAssets":0,"assetsSize":386974,"filteredAuxiliaryAssets":11,"auxiliaryAssetsSize":1362229},"component---src-templates-clients-jsx":{"name":"component---src-templates-clients-jsx","assets":[{"name":"styles.81634fb0d9ad42d1b9c9.css","size":269412},{"name":"commons-5ff7f31e2824a1ee374f.js","size":96173},{"name":"2f4755a76516371e9d59c9f3aae5447d02adce39-50c2a79437960a826a65.js","size":19116},{"name":"component---src-templates-clients-jsx-98afc8628d0985f8febb.js","size":3359}],"filteredAssets":0,"assetsSize":388060,"filteredAuxiliaryAssets":11,"auxiliaryAssetsSize":1363870}},"assetsByChunkName":{"app":["webpack-runtime-672d506fc8da58c3aa5f.js","framework-99c684e92cc63e549221.js","app-6dc7fd9b9bbb4774c738.js"],"component---src-pages-404-jsx":["styles.81634fb0d9ad42d1b9c9.css","commons-5ff7f31e2824a1ee374f.js","component---src-pages-404-jsx-96bb2a2b7656971c66ca.js"],"component---src-pages-contacto-jsx":["styles.81634fb0d9ad42d1b9c9.css","commons-5ff7f31e2824a1ee374f.js","2f4755a76516371e9d59c9f3aae5447d02adce39-50c2a79437960a826a65.js","component---src-pages-contacto-jsx-b9999c3502cc1395e931.js"],"component---src-pages-desarrollo-web-jsx":["styles.81634fb0d9ad42d1b9c9.css","commons-5ff7f31e2824a1ee374f.js","2f4755a76516371e9d59c9f3aae5447d02adce39-50c2a79437960a826a65.js","5ca00aa47d0c7c8836434b2060b546f770288085-af40d3f93467bfccc360.js","component---src-pages-desarrollo-web-jsx-0d12a922b048bdf40685.js"],"component---src-pages-equipo-jsx":["styles.81634fb0d9ad42d1b9c9.css","commons-5ff7f31e2824a1ee374f.js","2f4755a76516371e9d59c9f3aae5447d02adce39-50c2a79437960a826a65.js","component---src-pages-equipo-jsx-8ca4668602c13df212d3.js"],"component---src-pages-hospedaje-jsx":["styles.81634fb0d9ad42d1b9c9.css","commons-5ff7f31e2824a1ee374f.js","2f4755a76516371e9d59c9f3aae5447d02adce39-50c2a79437960a826a65.js","component---src-pages-hospedaje-jsx-5155630eb5317026fa54.js"],"component---src-pages-index-jsx":["styles.81634fb0d9ad42d1b9c9.css","commons-5ff7f31e2824a1ee374f.js","2f4755a76516371e9d59c9f3aae5447d02adce39-50c2a79437960a826a65.js","5ca00aa47d0c7c8836434b2060b546f770288085-af40d3f93467bfccc360.js","component---src-pages-index-jsx-31f585ba4f9aaa2fe366.js"],"component---src-pages-marketing-digital-jsx":["styles.81634fb0d9ad42d1b9c9.css","commons-5ff7f31e2824a1ee374f.js","2f4755a76516371e9d59c9f3aae5447d02adce39-50c2a79437960a826a65.js","5ca00aa47d0c7c8836434b2060b546f770288085-af40d3f93467bfccc360.js","component---src-pages-marketing-digital-jsx-653bf5fbee34cf5a281a.js"],"component---src-pages-work-jsx":["styles.81634fb0d9ad42d1b9c9.css","commons-5ff7f31e2824a1ee374f.js","2f4755a76516371e9d59c9f3aae5447d02adce39-50c2a79437960a826a65.js","component---src-pages-work-jsx-bd491f8aba45f157b2d9.js"],"component---src-templates-clients-jsx":["styles.81634fb0d9ad42d1b9c9.css","commons-5ff7f31e2824a1ee374f.js","2f4755a76516371e9d59c9f3aae5447d02adce39-50c2a79437960a826a65.js","component---src-templates-clients-jsx-98afc8628d0985f8febb.js"]},"childAssetsByChunkName":{}}