{"errors":[],"warnings":[],"namedChunkGroups":{"polyfill":{"chunks":[4,0,16],"assets":["webpack-runtime-2418e1668c01fcd4ba5d.js","webpack-runtime-2418e1668c01fcd4ba5d.js.map","commons-3f2b80a00705dc4804a0.js","commons-3f2b80a00705dc4804a0.js.map","polyfill-53f38d785f6ffee4b57e.js","polyfill-53f38d785f6ffee4b57e.js.map"],"children":{},"childAssets":{}},"app":{"chunks":[4,15,5],"assets":["webpack-runtime-2418e1668c01fcd4ba5d.js","webpack-runtime-2418e1668c01fcd4ba5d.js.map","framework-eb684e3e828ad13b3940.js","framework-eb684e3e828ad13b3940.js.map","app-e9ad14be82922a2150b2.js","app-e9ad14be82922a2150b2.js.map"],"children":{},"childAssets":{}},"component---src-pages-404-js":{"chunks":[1,0,6],"assets":["styles.39e8f54c2d80bc68be7f.css","styles-e9d24b1846c7d6eb9685.js","styles-e9d24b1846c7d6eb9685.js.map","commons-3f2b80a00705dc4804a0.js","commons-3f2b80a00705dc4804a0.js.map","component---src-pages-404-js-68e94c2367d62eb4c510.js","component---src-pages-404-js-68e94c2367d62eb4c510.js.map"],"children":{},"childAssets":{}},"component---src-pages-contacto-js":{"chunks":[1,0,2,7],"assets":["styles.39e8f54c2d80bc68be7f.css","styles-e9d24b1846c7d6eb9685.js","styles-e9d24b1846c7d6eb9685.js.map","commons-3f2b80a00705dc4804a0.js","commons-3f2b80a00705dc4804a0.js.map","ad81c040130678b11973df8e48a758fff68c8ec4-ed0a53c02f2dbc93a124.js","ad81c040130678b11973df8e48a758fff68c8ec4-ed0a53c02f2dbc93a124.js.map","component---src-pages-contacto-js-b1cf4dbe3b172aec9764.js","component---src-pages-contacto-js-b1cf4dbe3b172aec9764.js.map"],"children":{},"childAssets":{}},"component---src-pages-desarrollo-web-js":{"chunks":[1,0,2,3,8],"assets":["styles.39e8f54c2d80bc68be7f.css","styles-e9d24b1846c7d6eb9685.js","styles-e9d24b1846c7d6eb9685.js.map","commons-3f2b80a00705dc4804a0.js","commons-3f2b80a00705dc4804a0.js.map","ad81c040130678b11973df8e48a758fff68c8ec4-ed0a53c02f2dbc93a124.js","ad81c040130678b11973df8e48a758fff68c8ec4-ed0a53c02f2dbc93a124.js.map","20aa4ebb7a0cc080a891f6f5578e8b0e03f03029-50d649650588931d174f.js","20aa4ebb7a0cc080a891f6f5578e8b0e03f03029-50d649650588931d174f.js.map","component---src-pages-desarrollo-web-js-9c181bd77d285b8791a2.js","component---src-pages-desarrollo-web-js-9c181bd77d285b8791a2.js.map"],"children":{},"childAssets":{}},"component---src-pages-equipo-jsx":{"chunks":[1,0,2,9],"assets":["styles.39e8f54c2d80bc68be7f.css","styles-e9d24b1846c7d6eb9685.js","styles-e9d24b1846c7d6eb9685.js.map","commons-3f2b80a00705dc4804a0.js","commons-3f2b80a00705dc4804a0.js.map","ad81c040130678b11973df8e48a758fff68c8ec4-ed0a53c02f2dbc93a124.js","ad81c040130678b11973df8e48a758fff68c8ec4-ed0a53c02f2dbc93a124.js.map","component---src-pages-equipo-jsx-f5ea692732e55228c595.js","component---src-pages-equipo-jsx-f5ea692732e55228c595.js.map"],"children":{},"childAssets":{}},"component---src-pages-hospedaje-js":{"chunks":[1,0,2,10],"assets":["styles.39e8f54c2d80bc68be7f.css","styles-e9d24b1846c7d6eb9685.js","styles-e9d24b1846c7d6eb9685.js.map","commons-3f2b80a00705dc4804a0.js","commons-3f2b80a00705dc4804a0.js.map","ad81c040130678b11973df8e48a758fff68c8ec4-ed0a53c02f2dbc93a124.js","ad81c040130678b11973df8e48a758fff68c8ec4-ed0a53c02f2dbc93a124.js.map","component---src-pages-hospedaje-js-5e75bf5653a6e5cdf596.js","component---src-pages-hospedaje-js-5e75bf5653a6e5cdf596.js.map"],"children":{},"childAssets":{}},"component---src-pages-index-js":{"chunks":[1,0,2,3,11],"assets":["styles.39e8f54c2d80bc68be7f.css","styles-e9d24b1846c7d6eb9685.js","styles-e9d24b1846c7d6eb9685.js.map","commons-3f2b80a00705dc4804a0.js","commons-3f2b80a00705dc4804a0.js.map","ad81c040130678b11973df8e48a758fff68c8ec4-ed0a53c02f2dbc93a124.js","ad81c040130678b11973df8e48a758fff68c8ec4-ed0a53c02f2dbc93a124.js.map","20aa4ebb7a0cc080a891f6f5578e8b0e03f03029-50d649650588931d174f.js","20aa4ebb7a0cc080a891f6f5578e8b0e03f03029-50d649650588931d174f.js.map","component---src-pages-index-js-52c44d989351f4f62467.js","component---src-pages-index-js-52c44d989351f4f62467.js.map"],"children":{},"childAssets":{}},"component---src-pages-marketing-digital-js":{"chunks":[1,0,2,3,12],"assets":["styles.39e8f54c2d80bc68be7f.css","styles-e9d24b1846c7d6eb9685.js","styles-e9d24b1846c7d6eb9685.js.map","commons-3f2b80a00705dc4804a0.js","commons-3f2b80a00705dc4804a0.js.map","ad81c040130678b11973df8e48a758fff68c8ec4-ed0a53c02f2dbc93a124.js","ad81c040130678b11973df8e48a758fff68c8ec4-ed0a53c02f2dbc93a124.js.map","20aa4ebb7a0cc080a891f6f5578e8b0e03f03029-50d649650588931d174f.js","20aa4ebb7a0cc080a891f6f5578e8b0e03f03029-50d649650588931d174f.js.map","component---src-pages-marketing-digital-js-4c19acf58ea86287e66e.js","component---src-pages-marketing-digital-js-4c19acf58ea86287e66e.js.map"],"children":{},"childAssets":{}},"component---src-pages-work-js":{"chunks":[1,0,2,13],"assets":["styles.39e8f54c2d80bc68be7f.css","styles-e9d24b1846c7d6eb9685.js","styles-e9d24b1846c7d6eb9685.js.map","commons-3f2b80a00705dc4804a0.js","commons-3f2b80a00705dc4804a0.js.map","ad81c040130678b11973df8e48a758fff68c8ec4-ed0a53c02f2dbc93a124.js","ad81c040130678b11973df8e48a758fff68c8ec4-ed0a53c02f2dbc93a124.js.map","component---src-pages-work-js-f3e6f971164a3cc6d2fb.js","component---src-pages-work-js-f3e6f971164a3cc6d2fb.js.map"],"children":{},"childAssets":{}},"component---src-templates-clients-js":{"chunks":[1,0,2,14],"assets":["styles.39e8f54c2d80bc68be7f.css","styles-e9d24b1846c7d6eb9685.js","styles-e9d24b1846c7d6eb9685.js.map","commons-3f2b80a00705dc4804a0.js","commons-3f2b80a00705dc4804a0.js.map","ad81c040130678b11973df8e48a758fff68c8ec4-ed0a53c02f2dbc93a124.js","ad81c040130678b11973df8e48a758fff68c8ec4-ed0a53c02f2dbc93a124.js.map","component---src-templates-clients-js-b350823901ac036642b5.js","component---src-templates-clients-js-b350823901ac036642b5.js.map"],"children":{},"childAssets":{}}},"assetsByChunkName":{"polyfill":["webpack-runtime-2418e1668c01fcd4ba5d.js","commons-3f2b80a00705dc4804a0.js","polyfill-53f38d785f6ffee4b57e.js"],"app":["webpack-runtime-2418e1668c01fcd4ba5d.js","framework-eb684e3e828ad13b3940.js","app-e9ad14be82922a2150b2.js"],"component---src-pages-404-js":["styles.39e8f54c2d80bc68be7f.css","styles-e9d24b1846c7d6eb9685.js","commons-3f2b80a00705dc4804a0.js","component---src-pages-404-js-68e94c2367d62eb4c510.js"],"component---src-pages-contacto-js":["styles.39e8f54c2d80bc68be7f.css","styles-e9d24b1846c7d6eb9685.js","commons-3f2b80a00705dc4804a0.js","ad81c040130678b11973df8e48a758fff68c8ec4-ed0a53c02f2dbc93a124.js","component---src-pages-contacto-js-b1cf4dbe3b172aec9764.js"],"component---src-pages-desarrollo-web-js":["styles.39e8f54c2d80bc68be7f.css","styles-e9d24b1846c7d6eb9685.js","commons-3f2b80a00705dc4804a0.js","ad81c040130678b11973df8e48a758fff68c8ec4-ed0a53c02f2dbc93a124.js","20aa4ebb7a0cc080a891f6f5578e8b0e03f03029-50d649650588931d174f.js","component---src-pages-desarrollo-web-js-9c181bd77d285b8791a2.js"],"component---src-pages-equipo-jsx":["styles.39e8f54c2d80bc68be7f.css","styles-e9d24b1846c7d6eb9685.js","commons-3f2b80a00705dc4804a0.js","ad81c040130678b11973df8e48a758fff68c8ec4-ed0a53c02f2dbc93a124.js","component---src-pages-equipo-jsx-f5ea692732e55228c595.js"],"component---src-pages-hospedaje-js":["styles.39e8f54c2d80bc68be7f.css","styles-e9d24b1846c7d6eb9685.js","commons-3f2b80a00705dc4804a0.js","ad81c040130678b11973df8e48a758fff68c8ec4-ed0a53c02f2dbc93a124.js","component---src-pages-hospedaje-js-5e75bf5653a6e5cdf596.js"],"component---src-pages-index-js":["styles.39e8f54c2d80bc68be7f.css","styles-e9d24b1846c7d6eb9685.js","commons-3f2b80a00705dc4804a0.js","ad81c040130678b11973df8e48a758fff68c8ec4-ed0a53c02f2dbc93a124.js","20aa4ebb7a0cc080a891f6f5578e8b0e03f03029-50d649650588931d174f.js","component---src-pages-index-js-52c44d989351f4f62467.js"],"component---src-pages-marketing-digital-js":["styles.39e8f54c2d80bc68be7f.css","styles-e9d24b1846c7d6eb9685.js","commons-3f2b80a00705dc4804a0.js","ad81c040130678b11973df8e48a758fff68c8ec4-ed0a53c02f2dbc93a124.js","20aa4ebb7a0cc080a891f6f5578e8b0e03f03029-50d649650588931d174f.js","component---src-pages-marketing-digital-js-4c19acf58ea86287e66e.js"],"component---src-pages-work-js":["styles.39e8f54c2d80bc68be7f.css","styles-e9d24b1846c7d6eb9685.js","commons-3f2b80a00705dc4804a0.js","ad81c040130678b11973df8e48a758fff68c8ec4-ed0a53c02f2dbc93a124.js","component---src-pages-work-js-f3e6f971164a3cc6d2fb.js"],"component---src-templates-clients-js":["styles.39e8f54c2d80bc68be7f.css","styles-e9d24b1846c7d6eb9685.js","commons-3f2b80a00705dc4804a0.js","ad81c040130678b11973df8e48a758fff68c8ec4-ed0a53c02f2dbc93a124.js","component---src-templates-clients-js-b350823901ac036642b5.js"]}}